<?xml version="1.0" encoding="UTF-8"?>
<PeakList>
  <PeakList1D>
    <PeakList1DHeader creator="user1d" date="2019-02-11T12:03:19.151-06:00" expNo="10" name="DW5-62-PS" owner="" procNo="1" source="/home/data/Guironnet/walshd">
      <PeakPickDetails>F1=16.044451ppm, F2=-3.941556ppm, MI=0.00cm, MAXI=10000.00cm, PC=1.000
      </PeakPickDetails>
    </PeakList1DHeader>
    <Peak1D F1="13.953558" intensity="7.864955e-04" type="0"/>
    <Peak1D F1="9.194899" intensity="8.702996e-04" type="0"/>
    <Peak1D F1="8.843167" intensity="8.689761e-04" type="0"/>
    <Peak1D F1="8.811569" intensity="8.250073e-04" type="0"/>
    <Peak1D F1="8.737338" intensity="9.595535e-04" type="0"/>
    <Peak1D F1="8.701184" intensity="9.961329e-04" type="0"/>
    <Peak1D F1="8.663034" intensity="1.000429e-03" type="0"/>
    <Peak1D F1="8.632413" intensity="1.125102e-03" type="0"/>
    <Peak1D F1="8.614733" intensity="1.146903e-03" type="0"/>
    <Peak1D F1="8.606190" intensity="9.502925e-04" type="0"/>
    <Peak1D F1="8.571802" intensity="1.139208e-03" type="0"/>
    <Peak1D F1="8.521021" intensity="1.235597e-03" type="0"/>
    <Peak1D F1="8.476928" intensity="1.219428e-03" type="0"/>
    <Peak1D F1="8.468310" intensity="1.295951e-03" type="0"/>
    <Peak1D F1="8.407136" intensity="1.562881e-03" type="0"/>
    <Peak1D F1="8.387611" intensity="1.674301e-03" type="0"/>
    <Peak1D F1="8.348339" intensity="1.503412e-03" type="0"/>
    <Peak1D F1="8.330621" intensity="1.502224e-03" type="0"/>
    <Peak1D F1="8.306862" intensity="1.590421e-03" type="0"/>
    <Peak1D F1="8.279359" intensity="1.720081e-03" type="0"/>
    <Peak1D F1="8.223657" intensity="1.906554e-03" type="0"/>
    <Peak1D F1="8.205260" intensity="2.022724e-03" type="0"/>
    <Peak1D F1="8.188105" intensity="1.946175e-03" type="0"/>
    <Peak1D F1="8.137838" intensity="2.180452e-03" type="0"/>
    <Peak1D F1="8.118985" intensity="2.249920e-03" type="0"/>
    <Peak1D F1="8.106334" intensity="2.268474e-03" type="0"/>
    <Peak1D F1="8.073814" intensity="2.785110e-03" type="0"/>
    <Peak1D F1="8.049982" intensity="2.499937e-03" type="0"/>
    <Peak1D F1="8.027277" intensity="2.919428e-03" type="0"/>
    <Peak1D F1="7.940996" intensity="3.176214e-03" type="0"/>
    <Peak1D F1="7.873109" intensity="4.141029e-03" type="0"/>
    <Peak1D F1="7.802525" intensity="4.814244e-03" type="0"/>
    <Peak1D F1="7.779710" intensity="5.045716e-03" type="0"/>
    <Peak1D F1="7.757215" intensity="5.173795e-03" type="0"/>
    <Peak1D F1="7.688024" intensity="6.049228e-03" type="0"/>
    <Peak1D F1="7.423750" intensity="1.436481e-02" type="0"/>
    <Peak1D F1="7.408799" intensity="1.544316e-02" type="0"/>
    <Peak1D F1="7.368877" intensity="6.693884e-02" type="0"/>
    <Peak1D F1="7.350656" intensity="2.792545e-02" type="0"/>
    <Peak1D F1="7.336459" intensity="4.122660e-02" type="0"/>
    <Peak1D F1="7.321934" intensity="3.715245e-02" type="0"/>
    <Peak1D F1="7.264025" intensity="5.525556e-02" type="0"/>
    <Peak1D F1="7.249727" intensity="7.085860e-02" type="0"/>
    <Peak1D F1="7.244812" intensity="6.949406e-02" type="0"/>
    <Peak1D F1="7.196383" intensity="1.705796e+00" type="0"/>
    <Peak1D F1="7.181241" intensity="4.052648e+00" type="0"/>
    <Peak1D F1="7.166064" intensity="3.842630e+00" type="0"/>
    <Peak1D F1="7.162446" intensity="1.036993e+01" type="0"/>
    <Peak1D F1="7.109220" intensity="5.832120e+00" type="0"/>
    <Peak1D F1="7.094979" intensity="5.439174e+00" type="0"/>
    <Peak1D F1="7.093787" intensity="5.246213e+00" type="0"/>
    <Peak1D F1="7.083796" intensity="4.430289e+00" type="0"/>
    <Peak1D F1="7.068651" intensity="4.732704e+00" type="0"/>
    <Peak1D F1="7.067510" intensity="4.766768e+00" type="0"/>
    <Peak1D F1="7.066160" intensity="4.770661e+00" type="0"/>
    <Peak1D F1="7.020750" intensity="8.679942e+00" type="0"/>
    <Peak1D F1="7.009044" intensity="8.529730e+00" type="0"/>
    <Peak1D F1="6.980512" intensity="8.373765e+00" type="0"/>
    <Peak1D F1="6.899165" intensity="2.668864e+00" type="0"/>
    <Peak1D F1="6.794067" intensity="3.482436e-01" type="0"/>
    <Peak1D F1="6.780314" intensity="3.688799e-01" type="0"/>
    <Peak1D F1="6.732869" intensity="8.133004e-01" type="0"/>
    <Peak1D F1="6.501323" intensity="4.310944e+00" type="0"/>
    <Peak1D F1="6.433282" intensity="3.012085e+00" type="0"/>
    <Peak1D F1="6.388297" intensity="3.029874e+00" type="0"/>
    <Peak1D F1="6.333208" intensity="7.753825e-01" type="0"/>
    <Peak1D F1="6.302051" intensity="8.422831e-01" type="0"/>
    <Peak1D F1="6.046913" intensity="1.737171e-01" type="0"/>
    <Peak1D F1="6.018710" intensity="3.098726e-01" type="0"/>
    <Peak1D F1="5.972674" intensity="1.785307e-01" type="0"/>
    <Peak1D F1="5.967039" intensity="1.800898e-01" type="0"/>
    <Peak1D F1="5.289443" intensity="9.299802e-04" type="0"/>
    <Peak1D F1="5.278037" intensity="1.033974e-02" type="0"/>
    <Peak1D F1="5.274545" intensity="9.868593e-03" type="0"/>
    <Peak1D F1="5.271180" intensity="8.095072e-03" type="0"/>
    <Peak1D F1="5.263210" intensity="2.457185e-03" type="0"/>
    <Peak1D F1="3.762829" intensity="7.684900e-02" type="0"/>
    <Peak1D F1="3.756427" intensity="7.814616e-02" type="0"/>
    <Peak1D F1="3.742210" intensity="7.854002e-02" type="0"/>
    <Peak1D F1="3.720786" intensity="7.825592e-02" type="0"/>
    <Peak1D F1="3.708643" intensity="8.224689e-02" type="0"/>
    <Peak1D F1="3.668726" intensity="4.404311e-02" type="0"/>
    <Peak1D F1="3.616139" intensity="1.427957e-01" type="0"/>
    <Peak1D F1="3.606097" intensity="1.203632e-01" type="0"/>
    <Peak1D F1="3.168494" intensity="1.700956e-03" type="0"/>
    <Peak1D F1="3.156636" intensity="2.005431e-03" type="0"/>
    <Peak1D F1="2.970501" intensity="1.262997e-03" type="0"/>
    <Peak1D F1="2.906633" intensity="1.382352e-03" type="0"/>
    <Peak1D F1="2.901193" intensity="1.354074e-03" type="0"/>
    <Peak1D F1="2.893128" intensity="1.380039e-03" type="0"/>
    <Peak1D F1="2.838561" intensity="8.062016e-02" type="0"/>
    <Peak1D F1="2.805517" intensity="2.060260e-01" type="0"/>
    <Peak1D F1="2.771318" intensity="2.410883e-01" type="0"/>
    <Peak1D F1="2.746289" intensity="1.727773e-01" type="0"/>
    <Peak1D F1="2.688445" intensity="1.733908e-03" type="0"/>
    <Peak1D F1="2.656128" intensity="2.188368e-03" type="0"/>
    <Peak1D F1="2.627120" intensity="2.162921e-03" type="0"/>
    <Peak1D F1="2.591836" intensity="2.518612e-03" type="0"/>
    <Peak1D F1="2.526924" intensity="2.936439e-03" type="0"/>
    <Peak1D F1="2.405978" intensity="1.140641e-01" type="0"/>
    <Peak1D F1="2.374282" intensity="5.838147e-02" type="0"/>
    <Peak1D F1="2.322498" intensity="1.190528e-01" type="0"/>
    <Peak1D F1="2.314475" intensity="1.314237e-01" type="0"/>
    <Peak1D F1="2.281538" intensity="1.500000e+01" type="0"/>
    <Peak1D F1="2.243206" intensity="7.985315e-02" type="0"/>
    <Peak1D F1="2.235884" intensity="7.038134e-02" type="0"/>
    <Peak1D F1="2.153547" intensity="3.803525e-01" type="0"/>
    <Peak1D F1="2.137989" intensity="3.321969e-01" type="0"/>
    <Peak1D F1="2.122860" intensity="3.259801e-01" type="0"/>
    <Peak1D F1="1.987223" intensity="7.063338e-01" type="0"/>
    <Peak1D F1="1.975252" intensity="6.475392e-01" type="0"/>
    <Peak1D F1="1.962231" intensity="6.196129e-01" type="0"/>
    <Peak1D F1="1.945086" intensity="6.251166e-01" type="0"/>
    <Peak1D F1="1.935349" intensity="6.161662e-01" type="0"/>
    <Peak1D F1="1.777902" intensity="2.070481e+00" type="0"/>
    <Peak1D F1="1.404222" intensity="6.700410e+00" type="0"/>
    <Peak1D F1="1.357657" intensity="4.963578e+00" type="0"/>
    <Peak1D F1="1.199820" intensity="5.794049e-01" type="0"/>
    <Peak1D F1="1.150615" intensity="2.175586e-01" type="0"/>
    <Peak1D F1="1.093562" intensity="1.290171e-01" type="0"/>
    <Peak1D F1="1.077761" intensity="1.291978e-01" type="0"/>
    <Peak1D F1="1.055175" intensity="1.306297e-01" type="0"/>
    <Peak1D F1="1.042891" intensity="1.215168e-01" type="0"/>
    <Peak1D F1="1.027426" intensity="1.124027e-01" type="0"/>
    <Peak1D F1="1.010938" intensity="1.131789e-01" type="0"/>
    <Peak1D F1="0.995470" intensity="1.285349e-01" type="0"/>
    <Peak1D F1="0.980350" intensity="1.389644e-01" type="0"/>
    <Peak1D F1="0.960692" intensity="1.255260e-01" type="0"/>
    <Peak1D F1="0.945956" intensity="1.003779e-01" type="0"/>
    <Peak1D F1="0.931310" intensity="6.147272e-02" type="0"/>
    <Peak1D F1="0.845143" intensity="1.723292e-01" type="0"/>
    <Peak1D F1="0.841150" intensity="1.738933e-01" type="0"/>
    <Peak1D F1="0.835495" intensity="1.718228e-01" type="0"/>
    <Peak1D F1="0.831356" intensity="1.735549e-01" type="0"/>
    <Peak1D F1="0.825279" intensity="1.781823e-01" type="0"/>
    <Peak1D F1="0.811469" intensity="1.794410e-01" type="0"/>
    <Peak1D F1="0.797243" intensity="1.020373e-01" type="0"/>
    <Peak1D F1="0.775764" intensity="4.088435e-02" type="0"/>
    <Peak1D F1="0.762830" intensity="3.302013e-02" type="0"/>
    <Peak1D F1="0.758038" intensity="2.961233e-02" type="0"/>
    <Peak1D F1="0.744544" intensity="2.312274e-02" type="0"/>
    <Peak1D F1="0.720618" intensity="1.319021e-02" type="0"/>
    <Peak1D F1="0.711912" intensity="1.267341e-02" type="0"/>
    <Peak1D F1="0.669955" intensity="2.443424e-01" type="0"/>
    <Peak1D F1="0.654334" intensity="4.238881e-01" type="0"/>
    <Peak1D F1="0.640566" intensity="5.704165e-01" type="0"/>
    <Peak1D F1="0.628572" intensity="5.170523e-01" type="0"/>
    <Peak1D F1="0.615950" intensity="3.481668e-01" type="0"/>
    <Peak1D F1="0.600257" intensity="2.836451e-01" type="0"/>
    <Peak1D F1="0.593546" intensity="2.873957e-01" type="0"/>
    <Peak1D F1="0.579167" intensity="3.278036e-01" type="0"/>
    <Peak1D F1="0.557807" intensity="4.093421e-01" type="0"/>
    <Peak1D F1="0.525010" intensity="9.213785e-02" type="0"/>
    <Peak1D F1="0.503330" intensity="2.040814e-01" type="0"/>
    <Peak1D F1="0.491483" intensity="2.408088e-01" type="0"/>
    <Peak1D F1="0.375018" intensity="9.762135e-04" type="0"/>
    <Peak1D F1="0.116221" intensity="2.793053e-03" type="0"/>
    <Peak1D F1="0.040126" intensity="1.031971e-03" type="0"/>
    <Peak1D F1="0.033619" intensity="1.141426e-03" type="0"/>
    <Peak1D F1="0.017887" intensity="1.482473e-02" type="0"/>
    <Peak1D F1="-0.000149" intensity="7.063737e-01" type="0"/>
    <Peak1D F1="-0.023380" intensity="9.022952e-03" type="0"/>
    <Peak1D F1="-0.119919" intensity="2.467650e-03" type="0"/>
    <Peak1D F1="-1.316681" intensity="7.939767e-04" type="0"/>
    <Peak1D F1="-1.340890" intensity="8.920665e-04" type="0"/>
    <Peak1D F1="-1.379172" intensity="7.963764e-04" type="0"/>
    <Peak1D F1="-1.440642" intensity="9.340056e-04" type="0"/>
    <Peak1D F1="-1.488460" intensity="8.076386e-04" type="0"/>
    <Peak1D F1="-1.518291" intensity="9.809424e-04" type="0"/>
    <Peak1D F1="-1.581358" intensity="9.112283e-04" type="0"/>
    <Peak1D F1="-1.602115" intensity="8.250878e-04" type="0"/>
    <Peak1D F1="-1.615768" intensity="8.766792e-04" type="0"/>
    <Peak1D F1="-1.631937" intensity="9.625383e-04" type="0"/>
    <Peak1D F1="-1.700340" intensity="8.970979e-04" type="0"/>
    <Peak1D F1="-1.746594" intensity="9.140098e-04" type="0"/>
    <Peak1D F1="-1.811302" intensity="8.310653e-04" type="0"/>
    <Peak1D F1="-1.884239" intensity="9.808237e-04" type="0"/>
    <Peak1D F1="-1.914896" intensity="8.495311e-04" type="0"/>
    <Peak1D F1="-2.117904" intensity="8.107321e-04" type="0"/>
    <Peak1D F1="-2.271471" intensity="8.552194e-04" type="0"/>
  </PeakList1D>
</PeakList>
