0,0
0.00833,-0.015
0.01667,-0.024
0.025,-0.043
0.03333,-0.044
0.04167,-0.044
0.05,-0.052
0.05833,-0.04
0.06667,-0.036
0.075,-0.047
0.08333,-0.033
0.09167,-0.036
0.1,-0.035
0.10833,-0.019
0.11667,-0.031
0.125,-0.02
0.13333,-0.022
0.14167,-0.02
0.15,-0.021
0.15833,-0.026
0.16667,-0.012
0.175,-0.015
0.18333,-0.02
0.19167,-0.013
0.2,-0.015
0.20833,-0.01
0.21667,-0.013
0.225,-0.023
0.23333,-0.013
0.24167,-0.016
0.25,-0.021
0.25833,-0.009
0.26667,-0.024
0.275,-0.01
0.28333,0
0.29167,-0.01
0.3,-0.005
0.30833,-0.018
0.31667,-0.011
0.325,-0.008
0.33333,-0.017
0.34167,-0.003
0.35,-0.007
0.35833,-0.007
0.36667,-0.004
0.375,-0.012
0.38333,0.004
0.39167,-0.001
0.4,-0.003
0.40833,0.001
0.41667,-0.007
0.425,-0.002
0.43333,0.002
0.44167,-0.005
0.45,-0.002
0.45833,-0.004
0.46667,-0.007
0.475,-0.008
0.48333,-0.017
0.49167,0
0.5,0
0.50833,-0.007
0.51667,-0.004
0.525,-0.008
0.53333,-0.007
0.54167,-0.008
0.55,-0.018
0.55833,-0.002
0.56667,-0.009
0.575,-0.01
0.58333,0.005
0.59167,-0.006
0.6,0.001
0.60833,-0.001
0.61667,-0.013
0.625,-0.002
0.63333,-0.017
0.64167,-0.02
0.65,-0.018
0.65833,-0.028
0.66667,-0.012
0.675,-0.014
0.68333,-0.014
0.69167,-0.003
0.7,-0.014
0.70833,-0.002
0.71667,-0.002
0.725,-0.005
0.73333,0.002
0.74167,-0.011
0.75,-0.003
0.75833,0.002
0.76667,-0.01
0.775,0
0.78333,-0.011
0.79167,-0.009
0.8,-0.001
0.80833,-0.013
0.81667,-0.002
0.825,-0.008
0.83333,-0.015
0.84167,0
0.85,-0.015
0.85833,-0.014
0.86667,-0.016
0.875,-0.015
0.88333,-0.005
0.89167,-0.013
0.9,-0.009
0.90833,0.001
0.91667,-0.018
0.925,-0.003
0.93333,-0.002
0.94167,-0.006
0.95,-0.006
0.95833,-0.014
0.96667,-0.005
0.975,-0.02
0.98333,-0.023
0.99167,-0.008
1,-0.025
1.00833,-0.013
1.01667,-0.007
1.025,-0.021
1.03333,-0.02
1.04167,-0.023
1.05,-0.021
1.05833,-0.012
1.06667,-0.027
1.075,-0.015
1.08333,-0.021
1.09167,-0.032
1.1,-0.023
1.10833,-0.026
1.11667,-0.011
1.125,-0.01
1.13333,-0.024
1.14167,-0.013
1.15,-0.024
1.15833,-0.017
1.16667,-0.011
1.175,-0.034
1.18333,-0.023
1.19167,-0.031
1.2,-0.038
1.20833,-0.025
1.21667,-0.032
1.225,-0.029
1.23333,-0.023
1.24167,-0.035
1.25,-0.027
1.25833,-0.035
1.26667,-0.026
1.275,-0.027
1.28333,-0.035
1.29167,-0.032
1.3,-0.042
1.30833,-0.038
1.31667,-0.027
1.325,-0.037
1.33333,-0.026
1.34167,-0.024
1.35,-0.034
1.35833,-0.025
1.36667,-0.038
1.375,-0.035
1.38333,-0.029
1.39167,-0.038
1.4,-0.028
1.40833,-0.031
1.41667,-0.035
1.425,-0.023
1.43333,-0.041
1.44167,-0.029
1.45,-0.024
1.45833,-0.03
1.46667,-0.022
1.475,-0.04
1.48333,-0.038
1.49167,-0.037
1.5,-0.032
1.50833,-0.027
1.51667,-0.038
1.525,-0.039
1.53333,-0.036
1.54167,-0.044
1.55,-0.038
1.55833,-0.037
1.56667,-0.046
1.575,-0.041
1.58333,-0.044
1.59167,-0.032
1.6,-0.035
1.60833,-0.047
1.61667,-0.037
1.625,-0.048
1.63333,-0.045
1.64167,-0.042
1.65,-0.049
1.65833,-0.042
1.66667,-0.047
1.675,-0.049
1.68333,-0.039
1.69167,-0.053
1.7,-0.048
1.70833,-0.056
1.71667,-0.062
1.725,-0.046
1.73333,-0.054
1.74167,-0.052
1.75,-0.049
1.75833,-0.061
1.76667,-0.056
1.775,-0.053
1.78333,-0.06
1.79167,-0.056
1.8,-0.069
1.80833,-0.057
1.81667,-0.055
1.825,-0.07
1.83333,-0.049
1.84167,-0.066
1.85,-0.07
1.85833,-0.072
1.86667,-0.065
1.875,-0.056
1.88333,-0.066
1.89167,-0.072
1.9,-0.064
1.90833,-0.067
1.91667,-0.07
1.925,-0.067
1.93333,-0.069
1.94167,-0.057
1.95,-0.066
1.95833,-0.062
1.96667,-0.057
1.975,-0.064
1.98333,-0.056
1.99167,-0.058
2,-0.062
2.00833,-0.05
2.01667,-0.064
2.025,-0.059
2.03333,-0.065
2.04167,-0.07
2.05,-0.06
2.05833,-0.074
2.06667,-0.069
2.075,-0.068
2.08333,-0.072
2.09167,-0.06
2.1,-0.065
2.10833,-0.062
2.11667,-0.061
2.125,-0.075
2.13333,-0.068
2.14167,-0.068
2.15,-0.076
2.15833,-0.066
2.16667,-0.063
2.175,-0.069
2.18333,-0.073
2.19167,-0.081
2.2,-0.059
2.20833,-0.072
2.21667,-0.064
2.225,-0.06
2.23333,-0.076
2.24167,-0.07
2.25,-0.059
2.25833,-0.063
2.26667,-0.054
2.275,-0.069
2.28333,-0.068
2.29167,-0.063
2.3,-0.07
2.30833,-0.069
2.31667,-0.077
2.325,-0.069
2.33333,-0.067
2.34167,-0.078
2.35,-0.073
2.35833,-0.075
2.36667,-0.086
2.375,-0.071
2.38333,-0.079
2.39167,-0.076
2.4,-0.078
2.40833,-0.074
2.41667,-0.072
2.425,-0.081
2.43333,-0.08
2.44167,-0.071
2.45,-0.075
2.45833,-0.071
2.46667,-0.073
2.475,-0.075
2.48333,-0.072
2.49167,-0.081
2.5,-0.064
2.50833,-0.063
2.51667,-0.073
2.525,-0.076
2.53333,-0.08
2.54167,-0.072
2.55,-0.069
2.55833,-0.086
2.56667,-0.075
2.575,-0.089
2.58333,-0.089
2.59167,-0.076
2.6,-0.085
2.60833,-0.08
2.61667,-0.074
2.625,-0.078
2.63333,-0.078
2.64167,-0.082
2.65,-0.072
2.65833,-0.073
2.66667,-0.085
2.675,-0.07
2.68333,-0.083
2.69167,-0.083
2.7,-0.076
2.70833,-0.096
2.71667,-0.085
2.725,-0.083
2.73333,-0.091
2.74167,-0.075
2.75,-0.087
2.75833,-0.083
2.76667,-0.085
2.775,-0.097
2.78333,-0.08
2.79167,-0.094
2.8,-0.094
2.80833,-0.099
2.81667,-0.108
2.825,-0.089
2.83333,-0.092
2.84167,-0.099
2.85,-0.09
2.85833,-0.101
2.86667,-0.089
2.875,-0.096
2.88333,-0.099
2.89167,-0.095
2.9,-0.101
2.90833,-0.1
2.91667,-0.096
2.925,-0.104
2.93333,-0.093
2.94167,-0.09
2.95,-0.094
2.95833,-0.083
2.96667,-0.1
2.975,-0.09
2.98333,-0.095
2.99167,-0.101
3,-0.086
3.00833,-0.089
3.01667,-0.09
3.025,-0.086
3.03333,-0.102
3.04167,-0.094
3.05,-0.098
3.05833,-0.091
3.06667,-0.072
3.075,-0.1
3.08333,-0.087
3.09167,-0.089
3.1,-0.098
3.10833,-0.085
3.11667,-0.103
3.125,-0.092
3.13333,-0.084
3.14167,-0.09
3.15,-0.086
3.15833,-0.086
3.16667,-0.09
3.175,-0.08
3.18333,-0.092
3.19167,-0.083
3.2,-0.089
3.20833,-0.094
3.21667,-0.083
3.225,-0.097
3.23333,-0.09
3.24167,-0.087
3.25,-0.095
3.25833,-0.087
3.26667,-0.1
3.275,-0.1
3.28333,-0.093
3.29167,-0.104
3.3,-0.09
3.30833,-0.094
3.31667,-0.099
3.325,-0.095
3.33333,-0.102
3.34167,-0.082
3.35,-0.085
3.35833,-0.096
3.36667,-0.085
3.375,-0.092
3.38333,-0.094
3.39167,-0.09
3.4,-0.108
3.40833,-0.089
3.41667,-0.093
3.425,-0.099
3.43333,-0.093
3.44167,-0.102
3.45,-0.101
3.45833,-0.099
3.46667,-0.109
3.475,-0.101
3.48333,-0.11
3.49167,-0.1
3.5,-0.101
3.50833,-0.109
3.51667,-0.099
3.525,-0.102
3.53333,-0.105
3.54167,-0.097
3.55,-0.111
3.55833,-0.093
3.56667,-0.105
3.575,-0.112
3.58333,-0.099
3.59167,-0.101
3.6,-0.101
3.60833,-0.097
3.61667,-0.102
3.625,-0.097
3.63333,-0.108
3.64167,-0.102
3.65,-0.099
3.65833,-0.105
3.66667,-0.097
3.675,-0.105
3.68333,-0.119
3.69167,-0.101
3.7,-0.11
3.70833,-0.106
3.71667,-0.11
3.725,-0.124
3.73333,-0.117
3.74167,-0.113
3.75,-0.109
3.75833,-0.101
3.76667,-0.119
3.775,-0.12
3.78333,-0.113
3.79167,-0.117
3.8,-0.116
3.80833,-0.122
3.81667,-0.117
3.825,-0.11
3.83333,-0.115
3.84167,-0.112
3.85,-0.119
3.85833,-0.116
3.86667,-0.105
3.875,-0.12
3.88333,-0.117
3.89167,-0.121
3.9,-0.128
3.90833,-0.118
3.91667,-0.126
3.925,-0.108
3.93333,-0.113
3.94167,-0.123
3.95,-0.117
3.95833,-0.129
3.96667,-0.117
3.975,-0.114
3.98333,-0.125
3.99167,-0.118
4,-0.128
4.00833,-0.119
4.01667,-0.112
4.025,-0.124
4.03333,-0.12
4.04167,-0.12
4.05,-0.135
4.05833,-0.115
4.06667,-0.119
4.075,-0.121
4.08333,-0.118
4.09167,-0.131
4.1,-0.125
4.10833,-0.135
4.11667,-0.129
4.125,-0.114
4.13333,-0.12
4.14167,-0.116
4.15,-0.122
4.15833,-0.124
4.16667,-0.112
4.175,-0.124
4.18333,-0.117
4.19167,-0.114
4.2,-0.126
4.20833,-0.119
4.21667,-0.12
4.225,-0.13
4.23333,-0.123
4.24167,-0.127
4.25,-0.127
4.25833,-0.122
4.26667,-0.122
4.275,-0.118
4.28333,-0.14
4.29167,-0.13
4.3,-0.126
4.30833,-0.131
4.31667,-0.118
4.325,-0.125
4.33333,-0.122
4.34167,-0.119
4.35,-0.128
4.35833,-0.126
4.36667,-0.127
4.375,-0.131
4.38333,-0.126
4.39167,-0.138
4.4,-0.129
4.40833,-0.127
4.41667,-0.134
4.425,-0.124
4.43333,-0.123
4.44167,-0.122
4.45,-0.124
4.45833,-0.135
4.46667,-0.124
4.475,-0.131
4.48333,-0.132
4.49167,-0.119
4.5,-0.127
4.50833,-0.129
4.51667,-0.133
4.525,-0.134
4.53333,-0.118
4.54167,-0.132
4.55,-0.122
4.55833,-0.115
4.56667,-0.127
4.575,-0.118
4.58333,-0.122
4.59167,-0.127
4.6,-0.118
4.60833,-0.132
4.61667,-0.119
4.625,-0.121
4.63333,-0.127
4.64167,-0.126
4.65,-0.135
4.65833,-0.136
4.66667,-0.134
4.675,-0.147
4.68333,-0.135
4.69167,-0.136
4.7,-0.14
4.70833,-0.124
4.71667,-0.145
4.725,-0.131
4.73333,-0.137
4.74167,-0.137
4.75,-0.133
4.75833,-0.144
4.76667,-0.138
4.775,-0.135
4.78333,-0.137
4.79167,-0.129
4.8,-0.141
4.80833,-0.142
4.81667,-0.135
4.825,-0.141
4.83333,-0.135
4.84167,-0.135
4.85,-0.14
4.85833,-0.134
4.86667,-0.143
4.875,-0.138
4.88333,-0.138
4.89167,-0.15
4.9,-0.136
4.90833,-0.135
4.91667,-0.138
4.925,-0.125
4.93333,-0.139
4.94167,-0.129
4.95,-0.139
4.95833,-0.138
4.96667,-0.138
4.975,-0.142
4.98333,-0.14
4.99167,-0.131
5,-0.144
5.00833,-0.139
5.01667,-0.148
5.025,-0.144
5.03333,-0.145
5.04167,-0.161
5.05,-0.14
5.05833,-0.146
5.06667,-0.145
5.075,-0.131
5.08333,-0.144
5.09167,-0.142
5.1,-0.144
5.10833,-0.153
5.11667,-0.136
5.125,-0.146
5.13333,-0.138
5.14167,-0.132
5.15,-0.144
5.15833,-0.137
5.16667,-0.144
5.175,-0.145
5.18333,-0.138
5.19167,-0.15
5.2,-0.144
5.20833,-0.143
5.21667,-0.153
5.225,-0.146
5.23333,-0.153
5.24167,-0.145
5.25,-0.146
5.25833,-0.154
5.26667,-0.142
5.275,-0.144
5.28333,-0.154
5.29167,-0.152
5.3,-0.157
5.30833,-0.146
5.31667,-0.149
5.325,-0.158
5.33333,-0.146
5.34167,-0.155
5.35,-0.15
5.35833,-0.147
5.36667,-0.166
5.375,-0.158
5.38333,-0.165
5.39167,-0.165
5.4,-0.156
5.40833,-0.165
5.41667,-0.151
5.425,-0.156
5.43333,-0.158
5.44167,-0.156
5.45,-0.16
5.45833,-0.151
5.46667,-0.15
5.475,-0.159
5.48333,-0.153
5.49167,-0.167
5.5,-0.164
5.50833,-0.152
5.51667,-0.163
5.525,-0.157
5.53333,-0.155
5.54167,-0.162
5.55,-0.152
5.55833,-0.164
5.56667,-0.152
5.575,-0.147
5.58333,-0.161
5.59167,-0.159
5.6,-0.169
5.60833,-0.162
5.61667,-0.145
5.625,-0.166
5.63333,-0.161
5.64167,-0.165
5.65,-0.165
5.65833,-0.164
5.66667,-0.168
5.675,-0.16
5.68333,-0.158
5.69167,-0.166
5.7,-0.15
5.70833,-0.156
5.71667,-0.154
5.725,-0.155
5.73333,-0.165
5.74167,-0.157
5.75,-0.162
5.75833,-0.161
5.76667,-0.159
5.775,-0.164
5.78333,-0.155
5.79167,-0.15
5.8,-0.165
5.80833,-0.157
5.81667,-0.168
5.825,-0.167
5.83333,-0.163
5.84167,-0.176
5.85,-0.16
5.85833,-0.161
5.86667,-0.164
5.875,-0.158
5.88333,-0.163
5.89167,-0.158
5.9,-0.157
5.90833,-0.166
5.91667,-0.153
5.925,-0.165
5.93333,-0.156
5.94167,-0.16
5.95,-0.168
5.95833,-0.164
5.96667,-0.175
5.975,-0.164
5.98333,-0.156
5.99167,-0.174
6,-0.162
6.00833,-0.159
6.01667,-0.155
6.025,-0.154
6.03333,-0.164
6.04167,-0.161
6.05,-0.16
6.05833,-0.174
6.06667,-0.163
6.075,-0.168
6.08333,-0.171
6.09167,-0.174
6.1,-0.18
6.10833,-0.171
6.11667,-0.169
6.125,-0.17
6.13333,-0.165
6.14167,-0.169
6.15,-0.164
6.15833,-0.166
6.16667,-0.176
6.175,-0.166
6.18333,-0.172
6.19167,-0.177
6.2,-0.176
6.20833,-0.178
6.21667,-0.167
6.225,-0.169
6.23333,-0.175
6.24167,-0.174
6.25,-0.185
6.25833,-0.175
6.26667,-0.169
6.275,-0.176
6.28333,-0.173
6.29167,-0.177
6.3,-0.177
6.30833,-0.166
6.31667,-0.178
6.325,-0.166
6.33333,-0.172
6.34167,-0.171
6.35,-0.164
6.35833,-0.176
6.36667,-0.163
6.375,-0.168
6.38333,-0.174
6.39167,-0.16
6.4,-0.167
6.40833,-0.162
6.41667,-0.155
6.425,-0.17
6.43333,-0.16
6.44167,-0.168
6.45,-0.171
6.45833,-0.168
6.46667,-0.168
6.475,-0.155
6.48333,-0.168
6.49167,-0.171
6.5,-0.16
6.50833,-0.183
6.51667,-0.173
6.525,-0.168
6.53333,-0.18
6.54167,-0.166
6.55,-0.167
6.55833,-0.166
6.56667,-0.16
6.575,-0.176
6.58333,-0.172
6.59167,-0.175
6.6,-0.17
6.60833,-0.162
6.61667,-0.17
6.625,-0.164
6.63333,-0.158
6.64167,-0.175
6.65,-0.154
6.65833,-0.163
6.66667,-0.156
6.675,-0.152
6.68333,-0.164
6.69167,-0.155
6.7,-0.156
6.70833,-0.157
6.71667,-0.148
6.725,-0.169
6.73333,-0.155
6.74167,-0.157
6.75,-0.165
6.75833,-0.155
6.76667,-0.164
6.775,-0.16
6.78333,-0.155
6.79167,-0.161
6.8,-0.144
6.80833,-0.153
6.81667,-0.152
6.825,-0.138
6.83333,-0.159
6.84167,-0.149
6.85,-0.146
6.85833,-0.156
6.86667,-0.138
6.875,-0.151
6.88333,-0.142
6.89167,-0.142
6.9,-0.161
6.90833,-0.149
6.91667,-0.148
6.925,-0.149
6.93333,-0.145
6.94167,-0.153
6.95,-0.146
6.95833,-0.149
6.96667,-0.155
6.975,-0.144
6.98333,-0.159
6.99167,-0.154
7,-0.151
7.00833,-0.159
7.01667,-0.147
7.025,-0.154
7.03333,-0.151
7.04167,-0.141
7.05,-0.156
7.05833,-0.151
7.06667,-0.156
7.075,-0.157
7.08333,-0.151
7.09167,-0.168
7.1,-0.161
7.10833,-0.154
7.11667,-0.159
7.125,-0.151
7.13333,-0.157
7.14167,-0.161
7.15,-0.151
7.15833,-0.17
7.16667,-0.16
7.175,-0.16
7.18333,-0.164
7.19167,-0.152
7.2,-0.163
7.20833,-0.158
7.21667,-0.155
7.225,-0.164
7.23333,-0.157
7.24167,-0.16
7.25,-0.155
7.25833,-0.146
7.26667,-0.158
7.275,-0.155
7.28333,-0.16
7.29167,-0.159
7.3,-0.148
7.30833,-0.164
7.31667,-0.15
7.325,-0.152
7.33333,-0.161
7.34167,-0.16
7.35,-0.156
7.35833,-0.15
7.36667,-0.151
7.375,-0.168
7.38333,-0.153
7.39167,-0.16
7.4,-0.161
7.40833,-0.152
7.41667,-0.162
7.425,-0.151
7.43333,-0.156
7.44167,-0.15
7.45,-0.147
7.45833,-0.16
7.46667,-0.145
7.475,-0.14
7.48333,-0.149
7.49167,-0.145
7.5,-0.154
7.50833,-0.152
7.51667,-0.14
7.525,-0.151
7.53333,-0.142
7.54167,-0.146
7.55,-0.149
7.55833,-0.143
7.56667,-0.151
7.575,-0.14
7.58333,-0.141
7.59167,-0.153
7.6,-0.149
7.60833,-0.15
7.61667,-0.144
7.625,-0.136
7.63333,-0.144
7.64167,-0.134
7.65,-0.145
7.65833,-0.143
7.66667,-0.133
7.675,-0.15
7.68333,-0.144
7.69167,-0.136
7.7,-0.15
7.70833,-0.136
7.71667,-0.144
7.725,-0.145
7.73333,-0.139
7.74167,-0.142
7.75,-0.137
7.75833,-0.139
7.76667,-0.141
7.775,-0.132
7.78333,-0.143
7.79167,-0.14
7.8,-0.137
7.80833,-0.137
7.81667,-0.131
7.825,-0.14
7.83333,-0.136
7.84167,-0.128
7.85,-0.137
7.85833,-0.126
7.86667,-0.138
7.875,-0.143
7.88333,-0.125
7.89167,-0.136
7.9,-0.128
7.90833,-0.126
7.91667,-0.137
7.925,-0.129
7.93333,-0.139
7.94167,-0.138
7.95,-0.13
7.95833,-0.141
7.96667,-0.133
7.975,-0.131
7.98333,-0.118
7.99167,-0.121
8,-0.135
8.00833,-0.131
8.01667,-0.133
8.025,-0.13
8.03333,-0.125
8.04167,-0.134
8.05,-0.131
8.05833,-0.122
8.06667,-0.142
8.075,-0.126
8.08333,-0.135
8.09167,-0.135
8.1,-0.129
8.10833,-0.137
8.11667,-0.128
8.125,-0.123
8.13333,-0.135
8.14167,-0.121
8.15,-0.136
8.15833,-0.122
8.16667,-0.127
8.175,-0.139
8.18333,-0.121
8.19167,-0.128
8.2,-0.124
8.20833,-0.116
8.21667,-0.128
8.225,-0.12
8.23333,-0.125
8.24167,-0.129
8.25,-0.119
8.25833,-0.126
8.26667,-0.12
8.275,-0.123
8.28333,-0.127
8.29167,-0.122
8.3,-0.122
8.30833,-0.109
8.31667,-0.109
8.325,-0.121
8.33333,-0.114
8.34167,-0.11
8.35,-0.106
8.35833,-0.1
8.36667,-0.11
8.375,-0.101
8.38333,-0.107
8.39167,-0.11
8.4,-0.107
8.40833,-0.122
8.41667,-0.113
8.425,-0.105
8.43333,-0.117
8.44167,-0.102
8.45,-0.11
8.45833,-0.111
8.46667,-0.106
8.475,-0.109
8.48333,-0.098
8.49167,-0.107
8.5,-0.111
8.50833,-0.104
8.51667,-0.123
8.525,-0.11
8.53333,-0.106
8.54167,-0.118
8.55,-0.109
8.55833,-0.113
8.56667,-0.112
8.575,-0.11
8.58333,-0.112
8.59167,-0.104
8.6,-0.101
8.60833,-0.115
8.61667,-0.104
8.625,-0.115
8.63333,-0.107
8.64167,-0.104
8.65,-0.116
8.65833,-0.101
8.66667,-0.105
8.675,-0.101
8.68333,-0.097
8.69167,-0.11
8.7,-0.106
8.70833,-0.1
8.71667,-0.116
8.725,-0.116
8.73333,-0.117
8.74167,-0.117
8.75,-0.117
8.75833,-0.12
8.76667,-0.108
8.775,-0.112
8.78333,-0.106
8.79167,-0.104
8.8,-0.119
8.80833,-0.119
8.81667,-0.121
8.825,-0.128
8.83333,-0.118
8.84167,-0.119
8.85,-0.115
8.85833,-0.111
8.86667,-0.118
8.875,-0.111
8.88333,-0.122
8.89167,-0.121
8.9,-0.122
8.90833,-0.128
8.91667,-0.122
8.925,-0.12
8.93333,-0.13
8.94167,-0.118
8.95,-0.126
8.95833,-0.119
8.96667,-0.117
8.975,-0.128
8.98333,-0.122
8.99167,-0.132
9,-0.125
9.00833,-0.12
9.01667,-0.131
9.025,-0.125
9.03333,-0.126
9.04167,-0.127
9.05,-0.119
9.05833,-0.138
9.06667,-0.124
9.075,-0.127
9.08333,-0.134
9.09167,-0.119
9.1,-0.134
9.10833,-0.131
9.11667,-0.125
9.125,-0.132
9.13333,-0.116
9.14167,-0.127
9.15,-0.128
9.15833,-0.115
9.16667,-0.133
9.175,-0.125
9.18333,-0.122
9.19167,-0.127
9.2,-0.111
9.20833,-0.131
9.21667,-0.126
9.225,-0.127
9.23333,-0.126
9.24167,-0.123
9.25,-0.133
9.25833,-0.123
9.26667,-0.122
9.275,-0.126
9.28333,-0.124
9.29167,-0.118
9.3,-0.123
9.30833,-0.116
9.31667,-0.126
9.325,-0.112
9.33333,-0.114
9.34167,-0.114
9.35,-0.105
9.35833,-0.118
9.36667,-0.123
9.375,-0.115
9.38333,-0.127
9.39167,-0.118
9.4,-0.109
9.40833,-0.12
9.41667,-0.113
9.425,-0.123
9.43333,-0.118
9.44167,-0.118
9.45,-0.12
9.45833,-0.113
9.46667,-0.117
9.475,-0.106
9.48333,-0.105
9.49167,-0.119
9.5,-0.116
9.50833,-0.118
9.51667,-0.116
9.525,-0.102
9.53333,-0.113
9.54167,-0.108
9.55,-0.106
9.55833,-0.113
9.56667,-0.103
9.575,-0.105
9.58333,-0.109
9.59167,-0.106
9.6,-0.117
9.60833,-0.103
9.61667,-0.112
9.625,-0.11
9.63333,-0.107
9.64167,-0.117
9.65,-0.11
9.65833,-0.103
9.66667,-0.117
9.675,-0.104
9.68333,-0.112
9.69167,-0.109
9.7,-0.108
9.70833,-0.112
9.71667,-0.1
9.725,-0.11
9.73333,-0.103
9.74167,-0.101
9.75,-0.115
9.75833,-0.102
9.76667,-0.106
9.775,-0.108
9.78333,-0.101
9.79167,-0.116
9.8,-0.113
9.80833,-0.101
9.81667,-0.111
9.825,-0.094
9.83333,-0.106
9.84167,-0.104
9.85,-0.108
9.85833,-0.116
9.86667,-0.097
9.875,-0.094
9.88333,-0.102
9.89167,-0.099
9.9,-0.122
9.90833,-0.103
9.91667,-0.108
9.925,-0.121
9.93333,-0.105
9.94167,-0.117
9.95,-0.111
9.95833,-0.099
9.96667,-0.122
9.975,-0.106
9.98333,-0.105
9.99167,-0.114
10,-0.101
10.00833,-0.108
10.01667,-0.098
10.025,-0.103
10.03333,-0.11
10.04167,-0.11
10.05,-0.114
10.05833,-0.115
10.06667,-0.103
10.075,-0.116
10.08333,-0.107
10.09167,-0.111
10.1,-0.103
10.10833,-0.093
10.11667,-0.111
10.125,-0.105
10.13333,-0.105
10.14167,-0.111
10.15,-0.097
10.15833,-0.115
10.16667,-0.111
10.175,-0.104
10.18333,-0.124
10.19167,-0.102
10.2,-0.105
10.20833,-0.114
10.21667,-0.104
10.225,-0.119
10.23333,-0.108
10.24167,-0.11
10.25,-0.119
10.25833,-0.106
10.26667,-0.124
10.275,-0.116
10.28333,-0.105
10.29167,-0.119
10.3,-0.106
10.30833,-0.112
10.31667,-0.106
10.325,-0.102
10.33333,-0.116
10.34167,-0.114
10.35,-0.12
10.35833,-0.123
10.36667,-0.119
10.375,-0.117
10.38333,-0.107
10.39167,-0.11
10.4,-0.113
10.40833,-0.103
10.41667,-0.112
10.425,-0.117
10.43333,-0.112
10.44167,-0.124
10.45,-0.109
10.45833,-0.115
10.46667,-0.124
10.475,-0.12
10.48333,-0.122
10.49167,-0.112
10.5,-0.112
10.50833,-0.118
10.51667,-0.104
10.525,-0.119
10.53333,-0.123
10.54167,-0.118
10.55,-0.13
10.55833,-0.119
10.56667,-0.135
10.575,-0.128
10.58333,-0.116
10.59167,-0.124
10.6,-0.119
10.60833,-0.113
10.61667,-0.127
10.625,-0.121
10.63333,-0.13
10.64167,-0.127
10.65,-0.125
10.65833,-0.132
10.66667,-0.127
10.675,-0.127
10.68333,-0.118
10.69167,-0.114
10.7,-0.126
10.70833,-0.117
10.71667,-0.121
10.725,-0.126
10.73333,-0.116
10.74167,-0.13
10.75,-0.123
10.75833,-0.118
10.76667,-0.12
10.775,-0.111
10.78333,-0.126
10.79167,-0.12
10.8,-0.12
10.80833,-0.125
10.81667,-0.116
10.825,-0.119
10.83333,-0.122
10.84167,-0.107
10.85,-0.121
10.85833,-0.107
10.86667,-0.105
10.875,-0.116
10.88333,-0.104
10.89167,-0.119
10.9,-0.119
10.90833,-0.101
10.91667,-0.112
10.925,-0.101
10.93333,-0.109
10.94167,-0.117
10.95,-0.116
10.95833,-0.123
10.96667,-0.107
10.975,-0.106
10.98333,-0.115
10.99167,-0.107
11,-0.116
11.00833,-0.105
11.01667,-0.101
11.025,-0.116
11.03333,-0.099
11.04167,-0.098
11.05,-0.107
11.05833,-0.098
11.06667,-0.105
11.075,-0.098
11.08333,-0.096
11.09167,-0.108
11.1,-0.095
11.10833,-0.101
11.11667,-0.101
11.125,-0.097
11.13333,-0.109
11.14167,-0.096
11.15,-0.103
11.15833,-0.107
11.16667,-0.088
11.175,-0.096
11.18333,-0.097
11.19167,-0.094
11.2,-0.105
11.20833,-0.091
11.21667,-0.106
11.225,-0.095
11.23333,-0.094
11.24167,-0.103
11.25,-0.096
11.25833,-0.101
11.26667,-0.099
11.275,-0.098
11.28333,-0.113
11.29167,-0.096
11.3,-0.096
11.30833,-0.1
11.31667,-0.098
11.325,-0.107
11.33333,-0.099
11.34167,-0.091
11.35,-0.1
11.35833,-0.092
11.36667,-0.099
11.375,-0.098
11.38333,-0.091
11.39167,-0.1
11.4,-0.096
11.40833,-0.094
11.41667,-0.104
11.425,-0.098
11.43333,-0.101
11.44167,-0.093
11.45,-0.092
11.45833,-0.101
11.46667,-0.09
11.475,-0.103
11.48333,-0.094
11.49167,-0.081
11.5,-0.098
11.50833,-0.093
11.51667,-0.098
11.525,-0.087
11.53333,-0.079
11.54167,-0.09
11.55,-0.093
11.55833,-0.084
11.56667,-0.103
11.575,-0.092
11.58333,-0.094
11.59167,-0.096
11.6,-0.087
11.60833,-0.105
11.61667,-0.092
11.625,-0.089
11.63333,-0.093
11.64167,-0.076
11.65,-0.09
11.65833,-0.091
11.66667,-0.089
11.675,-0.099
11.68333,-0.089
11.69167,-0.093
11.7,-0.091
11.70833,-0.086
11.71667,-0.09
11.725,-0.078
11.73333,-0.068
11.74167,-0.074
11.75,-0.063
11.75833,-0.081
11.76667,-0.08
11.775,-0.079
11.78333,-0.089
11.79167,-0.076
11.8,-0.093
11.80833,-0.086
11.81667,-0.075
11.825,-0.081
11.83333,-0.078
11.84167,-0.077
11.85,-0.081
11.85833,-0.081
11.86667,-0.097
11.875,-0.081
11.88333,-0.083
11.89167,-0.092
11.9,-0.074
11.90833,-0.079
11.91667,-0.076
11.925,-0.069
11.93333,-0.086
11.94167,-0.07
11.95,-0.078
11.95833,-0.072
11.96667,-0.066
11.975,-0.076
11.98333,-0.072
11.99167,-0.077
12,-0.073
12.00833,-0.07
12.01667,-0.079
12.025,-0.068
12.03333,-0.07
12.04167,-0.078
12.05,-0.072
12.05833,-0.076
12.06667,-0.072
12.075,-0.069
12.08333,-0.085
12.09167,-0.07
12.1,-0.079
12.10833,-0.077
12.11667,-0.068
12.125,-0.074
12.13333,-0.071
12.14167,-0.065
12.15,-0.079
12.15833,-0.071
12.16667,-0.075
12.175,-0.073
12.18333,-0.067
12.19167,-0.079
12.2,-0.058
12.20833,-0.069
12.21667,-0.071
12.225,-0.055
12.23333,-0.066
12.24167,-0.059
12.25,-0.068
12.25833,-0.075
12.26667,-0.067
12.275,-0.073
12.28333,-0.07
12.29167,-0.07
12.3,-0.067
12.30833,-0.064
12.31667,-0.061
12.325,-0.061
12.33333,-0.057
12.34167,-0.073
12.35,-0.058
12.35833,-0.064
12.36667,-0.065
12.375,-0.061
12.38333,-0.073
12.39167,-0.062
12.4,-0.064
12.40833,-0.074
12.41667,-0.067
12.425,-0.069
12.43333,-0.076
12.44167,-0.068
12.45,-0.075
12.45833,-0.069
12.46667,-0.076
12.475,-0.07
12.48333,-0.065
12.49167,-0.074
12.5,-0.059
12.50833,-0.057
12.51667,-0.074
12.525,-0.061
12.53333,-0.069
12.54167,-0.069
12.55,-0.063
12.55833,-0.067
12.56667,-0.057
12.575,-0.064
12.58333,-0.068
12.59167,-0.066
12.6,-0.076
12.60833,-0.06
12.61667,-0.061
12.625,-0.072
12.63333,-0.064
12.64167,-0.071
12.65,-0.075
12.65833,-0.068
12.66667,-0.08
12.675,-0.077
12.68333,-0.081
12.69167,-0.076
12.7,-0.071
12.70833,-0.083
12.71667,-0.073
12.725,-0.077
12.73333,-0.082
12.74167,-0.067
12.75,-0.071
12.75833,-0.07
12.76667,-0.073
12.775,-0.086
12.78333,-0.072
12.79167,-0.074
12.8,-0.073
12.80833,-0.07
12.81667,-0.082
12.825,-0.078
12.83333,-0.081
12.84167,-0.08
12.85,-0.07
12.85833,-0.075
12.86667,-0.069
12.875,-0.063
12.88333,-0.07
12.89167,-0.066
12.9,-0.085
12.90833,-0.086
12.91667,-0.073
12.925,-0.081
12.93333,-0.081
12.94167,-0.079
12.95,-0.081
12.95833,-0.066
12.96667,-0.081
12.975,-0.071
12.98333,-0.077
12.99167,-0.081
13,-0.073
13.00833,-0.072
13.01667,-0.073
13.025,-0.072
13.03333,-0.084
13.04167,-0.075
13.05,-0.084
13.05833,-0.085
13.06667,-0.077
13.075,-0.087
13.08333,-0.072
13.09167,-0.077
13.1,-0.085
13.10833,-0.08
13.11667,-0.089
13.125,-0.08
13.13333,-0.077
13.14167,-0.087
13.15,-0.076
13.15833,-0.078
13.16667,-0.079
13.175,-0.079
13.18333,-0.085
13.19167,-0.074
13.2,-0.076
13.20833,-0.076
13.21667,-0.068
13.225,-0.081
13.23333,-0.078
13.24167,-0.081
13.25,-0.09
13.25833,-0.08
13.26667,-0.078
13.275,-0.085
13.28333,-0.071
13.29167,-0.082
13.3,-0.076
13.30833,-0.083
13.31667,-0.083
13.325,-0.08
13.33333,-0.092
13.34167,-0.087
13.35,-0.077
13.35833,-0.081
13.36667,-0.078
13.375,-0.083
13.38333,-0.087
13.39167,-0.08
13.4,-0.092
13.40833,-0.086
13.41667,-0.085
13.425,-0.089
13.43333,-0.07
13.44167,-0.078
13.45,-0.077
13.45833,-0.07
13.46667,-0.077
13.475,-0.067
13.48333,-0.078
13.49167,-0.075
13.5,-0.077
13.50833,-0.085
13.51667,-0.076
13.525,-0.076
13.53333,-0.089
13.54167,-0.077
13.55,-0.091
13.55833,-0.083
13.56667,-0.086
13.575,-0.092
13.58333,-0.081
13.59167,-0.092
13.6,-0.091
13.60833,-0.077
13.61667,-0.081
13.625,-0.078
13.63333,-0.073
13.64167,-0.082
13.65,-0.077
13.65833,-0.087
13.66667,-0.08
13.675,-0.084
13.68333,-0.09
13.69167,-0.078
13.7,-0.089
13.70833,-0.089
13.71667,-0.082
13.725,-0.093
13.73333,-0.083
13.74167,-0.091
13.75,-0.092
13.75833,-0.087
13.76667,-0.099
13.775,-0.089
13.78333,-0.089
13.79167,-0.097
13.8,-0.084
13.80833,-0.1
13.81667,-0.094
13.825,-0.084
13.83333,-0.094
13.84167,-0.087
13.85,-0.095
13.85833,-0.093
13.86667,-0.089
13.875,-0.095
13.88333,-0.082
13.89167,-0.086
13.9,-0.094
13.90833,-0.086
13.91667,-0.104
13.925,-0.09
13.93333,-0.085
13.94167,-0.097
13.95,-0.086
13.95833,-0.092
13.96667,-0.099
13.975,-0.098
13.98333,-0.1
13.99167,-0.087
14,-0.088
14.00833,-0.094
14.01667,-0.094
14.025,-0.105
14.03333,-0.092
14.04167,-0.098
14.05,-0.103
14.05833,-0.095
14.06667,-0.1
14.075,-0.098
14.08333,-0.088
14.09167,-0.095
14.1,-0.093
14.10833,-0.093
14.11667,-0.099
14.125,-0.088
14.13333,-0.097
14.14167,-0.087
14.15,-0.088
14.15833,-0.096
14.16667,-0.087
14.175,-0.096
14.18333,-0.096
14.19167,-0.088
14.2,-0.099
14.20833,-0.089
14.21667,-0.098
14.225,-0.096
14.23333,-0.083
14.24167,-0.092
14.25,-0.09
14.25833,-0.087
14.26667,-0.103
14.275,-0.083
14.28333,-0.097
14.29167,-0.1
14.3,-0.104
14.30833,-0.112
14.31667,-0.099
14.325,-0.106
14.33333,-0.104
14.34167,-0.09
14.35,-0.104
14.35833,-0.093
14.36667,-0.102
14.375,-0.112
14.38333,-0.106
14.39167,-0.114
14.4,-0.111
14.40833,-0.109
14.41667,-0.121
14.425,-0.107
14.43333,-0.109
14.44167,-0.112
14.45,-0.098
14.45833,-0.114
14.46667,-0.105
14.475,-0.106
14.48333,-0.115
14.49167,-0.105
14.5,-0.115
14.50833,-0.105
14.51667,-0.104
14.525,-0.117
14.53333,-0.108
14.54167,-0.111
14.55,-0.107
14.55833,-0.107
14.56667,-0.125
14.575,-0.108
14.58333,-0.109
14.59167,-0.111
14.6,-0.1
14.60833,-0.11
14.61667,-0.105
14.625,-0.1
14.63333,-0.112
14.64167,-0.107
14.65,-0.114
14.65833,-0.108
14.66667,-0.102
14.675,-0.106
14.68333,-0.108
14.69167,-0.109
14.7,-0.11
14.70833,-0.102
14.71667,-0.118
14.725,-0.108
14.73333,-0.102
14.74167,-0.113
14.75,-0.111
14.75833,-0.125
14.76667,-0.117
14.775,-0.12
14.78333,-0.123
14.79167,-0.11
14.8,-0.113
14.80833,-0.12
14.81667,-0.112
14.825,-0.123
14.83333,-0.103
14.84167,-0.101
14.85,-0.116
14.85833,-0.108
14.86667,-0.117
14.875,-0.117
14.88333,-0.115
14.89167,-0.118
14.9,-0.103
14.90833,-0.114
14.91667,-0.112
14.925,-0.1
14.93333,-0.121
14.94167,-0.115
14.95,-0.112
14.95833,-0.118
14.96667,-0.102
14.975,-0.113
14.98333,-0.107
14.99167,-0.108
15,-0.114
15.00833,-0.109
15.01667,-0.114
15.025,-0.108
15.03333,-0.098
15.04167,-0.112
15.05,-0.103
15.05833,-0.104
15.06667,-0.107
15.075,-0.092
15.08333,-0.099
15.09167,-0.097
15.1,-0.093
15.10833,-0.098
15.11667,-0.078
15.125,-0.089
15.13333,-0.079
15.14167,-0.067
15.15,-0.065
15.15833,-0.052
15.16667,-0.051
15.175,-0.045
15.18333,-0.021
15.19167,-0.01
15.2,0.005
15.20833,0.026
15.21667,0.032
15.225,0.065
15.23333,0.08
15.24167,0.101
15.25,0.133
15.25833,0.155
15.26667,0.191
15.275,0.22
15.28333,0.238
15.29167,0.27
15.3,0.284
15.30833,0.323
15.31667,0.35
15.325,0.364
15.33333,0.4
15.34167,0.411
15.35,0.43
15.35833,0.449
15.36667,0.444
15.375,0.465
15.38333,0.472
15.39167,0.475
15.4,0.47
15.40833,0.447
15.41667,0.448
15.425,0.432
15.43333,0.409
15.44167,0.401
15.45,0.374
15.45833,0.355
15.46667,0.333
15.475,0.301
15.48333,0.289
15.49167,0.263
15.5,0.24
15.50833,0.231
15.51667,0.195
15.525,0.184
15.53333,0.16
15.54167,0.139
15.55,0.13
15.55833,0.109
15.56667,0.103
15.575,0.095
15.58333,0.089
15.59167,0.103
15.6,0.095
15.60833,0.103
15.61667,0.125
15.625,0.134
15.63333,0.171
15.64167,0.199
15.65,0.234
15.65833,0.303
15.66667,0.357
15.675,0.444
15.68333,0.55
15.69167,0.653
15.7,0.798
15.70833,0.965
15.71667,1.157
15.725,1.396
15.73333,1.646
15.74167,1.964
15.75,2.306
15.75833,2.694
15.76667,3.134
15.775,3.621
15.78333,4.178
15.79167,4.777
15.8,5.416
15.80833,6.124
15.81667,6.879
15.825,7.695
15.83333,8.55
15.84167,9.433
15.85,10.373
15.85833,11.337
15.86667,12.307
15.875,13.301
15.88333,14.275
15.89167,15.255
15.9,16.203
15.90833,17.104
15.91667,17.977
15.925,18.765
15.93333,19.5
15.94167,20.152
15.95,20.695
15.95833,21.167
15.96667,21.527
15.975,21.778
15.98333,21.919
15.99167,21.929
16,21.854
16.00833,21.658
16.01667,21.348
16.025,20.972
16.03333,20.485
16.04167,19.921
16.05,19.284
16.05833,18.575
16.06667,17.829
16.075,17.024
16.08333,16.193
16.09167,15.351
16.1,14.467
16.10833,13.601
16.11667,12.726
16.125,11.872
16.13333,11.045
16.14167,10.219
16.15,9.44
16.15833,8.7
16.16667,7.971
16.175,7.295
16.18333,6.655
16.19167,6.068
16.2,5.514
16.20833,4.983
16.21667,4.51
16.225,4.068
16.23333,3.651
16.24167,3.3
16.25,2.951
16.25833,2.647
16.26667,2.372
16.275,2.105
16.28333,1.891
16.29167,1.677
16.3,1.491
16.30833,1.338
16.31667,1.172
16.325,1.047
16.33333,0.932
16.34167,0.816
16.35,0.722
16.35833,0.631
16.36667,0.567
16.375,0.51
16.38333,0.44
16.39167,0.397
16.4,0.346
16.40833,0.306
16.41667,0.274
16.425,0.222
16.43333,0.2
16.44167,0.178
16.45,0.149
16.45833,0.138
16.46667,0.115
16.475,0.114
16.48333,0.095
16.49167,0.072
16.5,0.068
16.50833,0.051
16.51667,0.045
16.525,0.04
16.53333,0.021
16.54167,0.03
16.55,0.017
16.55833,0.004
16.56667,0.006
16.575,-0.006
16.58333,-0.003
16.59167,-0.006
16.6,-0.02
16.60833,-0.015
16.61667,-0.02
16.625,-0.014
16.63333,-0.012
16.64167,-0.024
16.65,-0.023
16.65833,-0.032
16.66667,-0.04
16.675,-0.04
16.68333,-0.049
16.69167,-0.036
16.7,-0.039
16.70833,-0.043
16.71667,-0.045
16.725,-0.055
16.73333,-0.05
16.74167,-0.046
16.75,-0.053
16.75833,-0.04
16.76667,-0.047
16.775,-0.047
16.78333,-0.039
16.79167,-0.053
16.8,-0.051
16.80833,-0.05
16.81667,-0.055
16.825,-0.048
16.83333,-0.064
16.84167,-0.062
16.85,-0.057
16.85833,-0.064
16.86667,-0.057
16.875,-0.061
16.88333,-0.055
16.89167,-0.053
16.9,-0.065
16.90833,-0.059
16.91667,-0.068
16.925,-0.068
16.93333,-0.057
16.94167,-0.068
16.95,-0.067
16.95833,-0.063
16.96667,-0.068
16.975,-0.059
16.98333,-0.068
16.99167,-0.065
17,-0.062
17.00833,-0.077
17.01667,-0.075
17.025,-0.078
17.03333,-0.081
17.04167,-0.075
17.05,-0.087
17.05833,-0.077
17.06667,-0.078
17.075,-0.09
17.08333,-0.073
17.09167,-0.083
17.1,-0.079
17.10833,-0.076
17.11667,-0.081
17.125,-0.075
17.13333,-0.072
17.14167,-0.071
17.15,-0.069
17.15833,-0.079
17.16667,-0.076
17.175,-0.072
17.18333,-0.089
17.19167,-0.075
17.2,-0.08
17.20833,-0.086
17.21667,-0.08
17.225,-0.087
17.23333,-0.083
17.24167,-0.081
17.25,-0.091
17.25833,-0.09
17.26667,-0.101
17.275,-0.094
17.28333,-0.091
17.29167,-0.096
17.3,-0.088
17.30833,-0.104
17.31667,-0.102
17.325,-0.097
17.33333,-0.11
17.34167,-0.097
17.35,-0.104
17.35833,-0.103
17.36667,-0.099
17.375,-0.108
17.38333,-0.097
17.39167,-0.102
17.4,-0.106
17.40833,-0.103
17.41667,-0.111
17.425,-0.109
17.43333,-0.104
17.44167,-0.113
17.45,-0.111
17.45833,-0.114
17.46667,-0.115
17.475,-0.113
17.48333,-0.127
17.49167,-0.124
17.5,-0.13
17.50833,-0.127
17.51667,-0.127
17.525,-0.14
17.53333,-0.132
17.54167,-0.136
17.55,-0.141
17.55833,-0.133
17.56667,-0.13
17.575,-0.137
17.58333,-0.128
17.59167,-0.154
17.6,-0.135
17.60833,-0.14
17.61667,-0.156
17.625,-0.147
17.63333,-0.163
17.64167,-0.152
17.65,-0.159
17.65833,-0.165
17.66667,-0.156
17.675,-0.166
17.68333,-0.162
17.69167,-0.156
17.7,-0.176
17.70833,-0.171
17.71667,-0.171
17.725,-0.165
17.73333,-0.166
17.74167,-0.182
17.75,-0.18
17.75833,-0.181
17.76667,-0.186
17.775,-0.175
17.78333,-0.19
17.79167,-0.186
17.8,-0.181
17.80833,-0.187
17.81667,-0.183
17.825,-0.192
17.83333,-0.198
17.84167,-0.193
17.85,-0.199
17.85833,-0.193
17.86667,-0.206
17.875,-0.208
17.88333,-0.204
17.89167,-0.204
17.9,-0.201
17.90833,-0.209
17.91667,-0.227
17.925,-0.222
17.93333,-0.236
17.94167,-0.233
17.95,-0.219
17.95833,-0.24
17.96667,-0.23
17.975,-0.238
17.98333,-0.243
17.99167,-0.232
18,-0.244
18.00833,-0.243
18.01667,-0.247
18.025,-0.252
18.03333,-0.245
18.04167,-0.26
18.05,-0.249
18.05833,-0.244
18.06667,-0.258
18.075,-0.251
18.08333,-0.259
18.09167,-0.267
18.1,-0.263
18.10833,-0.274
18.11667,-0.269
18.125,-0.274
18.13333,-0.273
18.14167,-0.258
18.15,-0.266
18.15833,-0.262
18.16667,-0.255
18.175,-0.271
18.18333,-0.271
18.19167,-0.275
18.2,-0.275
18.20833,-0.276
18.21667,-0.299
18.225,-0.29
18.23333,-0.287
18.24167,-0.291
18.25,-0.282
18.25833,-0.293
18.26667,-0.289
18.275,-0.292
18.28333,-0.296
18.29167,-0.286
18.3,-0.289
18.30833,-0.289
18.31667,-0.283
18.325,-0.294
18.33333,-0.289
18.34167,-0.296
18.35,-0.311
18.35833,-0.291
18.36667,-0.297
18.375,-0.292
18.38333,-0.288
18.39167,-0.304
18.4,-0.293
18.40833,-0.289
18.41667,-0.292
18.425,-0.283
18.43333,-0.301
18.44167,-0.294
18.45,-0.294
18.45833,-0.297
18.46667,-0.28
18.475,-0.287
18.48333,-0.273
18.49167,-0.277
18.5,-0.285
18.50833,-0.272
18.51667,-0.281
18.525,-0.276
18.53333,-0.272
18.54167,-0.279
18.55,-0.264
18.55833,-0.266
18.56667,-0.267
18.575,-0.255
18.58333,-0.26
18.59167,-0.25
18.6,-0.251
18.60833,-0.252
18.61667,-0.249
18.625,-0.246
18.63333,-0.245
18.64167,-0.233
18.65,-0.248
18.65833,-0.235
18.66667,-0.241
18.675,-0.242
18.68333,-0.243
18.69167,-0.25
18.7,-0.254
18.70833,-0.246
18.71667,-0.256
18.725,-0.249
18.73333,-0.259
18.74167,-0.262
18.75,-0.261
18.75833,-0.276
18.76667,-0.266
18.775,-0.278
18.78333,-0.277
18.79167,-0.271
18.8,-0.286
18.80833,-0.285
18.81667,-0.282
18.825,-0.29
18.83333,-0.279
18.84167,-0.293
18.85,-0.28
18.85833,-0.285
18.86667,-0.298
18.875,-0.298
18.88333,-0.305
18.89167,-0.306
18.9,-0.303
18.90833,-0.315
18.91667,-0.312
18.925,-0.312
18.93333,-0.32
18.94167,-0.32
18.95,-0.319
18.95833,-0.323
18.96667,-0.319
18.975,-0.335
18.98333,-0.32
18.99167,-0.324
19,-0.329
19.00833,-0.321
19.01667,-0.329
19.025,-0.329
19.03333,-0.331
19.04167,-0.332
19.05,-0.325
19.05833,-0.34
19.06667,-0.333
19.075,-0.327
19.08333,-0.336
19.09167,-0.334
19.1,-0.342
19.10833,-0.346
19.11667,-0.344
19.125,-0.355
19.13333,-0.341
19.14167,-0.346
19.15,-0.348
19.15833,-0.343
19.16667,-0.346
19.175,-0.343
19.18333,-0.345
19.19167,-0.349
19.2,-0.339
19.20833,-0.349
19.21667,-0.342
19.225,-0.342
19.23333,-0.353
19.24167,-0.349
19.25,-0.352
19.25833,-0.358
19.26667,-0.343
19.275,-0.347
19.28333,-0.344
19.29167,-0.345
19.3,-0.348
19.30833,-0.344
19.31667,-0.341
19.325,-0.345
19.33333,-0.338
19.34167,-0.354
19.35,-0.342
19.35833,-0.339
19.36667,-0.334
19.375,-0.323
19.38333,-0.336
19.39167,-0.332
19.4,-0.337
19.40833,-0.346
19.41667,-0.326
19.425,-0.331
19.43333,-0.327
19.44167,-0.326
19.45,-0.335
19.45833,-0.33
19.46667,-0.334
19.475,-0.331
19.48333,-0.322
19.49167,-0.331
19.5,-0.318
19.50833,-0.321
19.51667,-0.32
19.525,-0.311
19.53333,-0.323
19.54167,-0.308
19.55,-0.302
19.55833,-0.305
19.56667,-0.289
19.575,-0.292
19.58333,-0.291
19.59167,-0.277
19.6,-0.281
19.60833,-0.266
19.61667,-0.256
19.625,-0.247
19.63333,-0.229
19.64167,-0.228
19.65,-0.211
19.65833,-0.197
19.66667,-0.183
19.675,-0.147
19.68333,-0.133
19.69167,-0.106
19.7,-0.066
19.70833,-0.03
19.71667,0.029
19.725,0.087
19.73333,0.14
19.74167,0.207
19.75,0.266
19.75833,0.361
19.76667,0.452
19.775,0.552
19.78333,0.69
19.79167,0.816
19.8,0.966
19.80833,1.142
19.81667,1.335
19.825,1.562
19.83333,1.8
19.84167,2.074
19.85,2.383
19.85833,2.704
19.86667,3.086
19.875,3.51
19.88333,3.958
19.89167,4.476
19.9,5.027
19.90833,5.648
19.91667,6.323
19.925,7.065
19.93333,7.904
19.94167,8.802
19.95,9.789
19.95833,10.869
19.96667,12.035
19.975,13.328
19.98333,14.708
19.99167,16.195
20,17.813
20.00833,19.546
20.01667,21.425
20.025,23.447
20.03333,25.602
20.04167,27.924
20.05,30.393
20.05833,33.037
20.06667,35.852
20.075,38.823
20.08333,42
20.09167,45.345
20.1,48.869
20.10833,52.6
20.11667,56.516
20.125,60.655
20.13333,64.989
20.14167,69.515
20.15,74.271
20.15833,79.214
20.16667,84.384
20.175,89.755
20.18333,95.309
20.19167,101.085
20.2,107.036
20.20833,113.175
20.21667,119.495
20.225,125.954
20.23333,132.566
20.24167,139.297
20.25,146.103
20.25833,152.997
20.26667,159.91
20.275,166.837
20.28333,173.741
20.29167,180.564
20.3,187.304
20.30833,193.885
20.31667,200.292
20.325,206.507
20.33333,212.455
20.34167,218.148
20.35,223.522
20.35833,228.562
20.36667,233.275
20.375,237.605
20.38333,241.563
20.39167,245.132
20.4,248.293
20.40833,251.091
20.41667,253.474
20.425,255.489
20.43333,257.13
20.44167,258.391
20.45,259.328
20.45833,259.927
20.46667,260.201
20.475,260.191
20.48333,259.896
20.49167,259.346
20.5,258.564
20.50833,257.543
20.51667,256.352
20.525,254.947
20.53333,253.384
20.54167,251.677
20.55,249.82
20.55833,247.85
20.56667,245.768
20.575,243.585
20.58333,241.337
20.59167,238.99
20.6,236.584
20.60833,234.123
20.61667,231.607
20.625,229.068
20.63333,226.474
20.64167,223.853
20.65,221.222
20.65833,218.547
20.66667,215.891
20.675,213.198
20.68333,210.502
20.69167,207.825
20.7,205.11
20.70833,202.426
20.71667,199.737
20.725,197.036
20.73333,194.372
20.74167,191.697
20.75,189.041
20.75833,186.395
20.76667,183.752
20.775,181.146
20.78333,178.54
20.79167,175.945
20.8,173.391
20.80833,170.837
20.81667,168.314
20.825,165.801
20.83333,163.311
20.84167,160.861
20.85,158.404
20.85833,155.984
20.86667,153.585
20.875,151.203
20.88333,148.865
20.89167,146.535
20.9,144.236
20.90833,141.965
20.91667,139.696
20.925,137.476
20.93333,135.279
20.94167,133.101
20.95,130.953
20.95833,128.826
20.96667,126.74
20.975,124.679
20.98333,122.621
20.99167,120.615
21,118.618
21.00833,116.651
21.01667,114.724
21.025,112.804
21.03333,110.92
21.04167,109.064
21.05,107.224
21.05833,105.423
21.06667,103.63
21.075,101.881
21.08333,100.151
21.09167,98.435
21.1,96.763
21.10833,95.105
21.11667,93.468
21.125,91.869
21.13333,90.27
21.14167,88.714
21.15,87.173
21.15833,85.655
21.16667,84.169
21.175,82.688
21.18333,81.243
21.19167,79.801
21.2,78.388
21.20833,77.004
21.21667,75.629
21.225,74.279
21.23333,72.948
21.24167,71.617
21.25,70.325
21.25833,69.039
21.26667,67.769
21.275,66.533
21.28333,65.289
21.29167,64.073
21.3,62.866
21.30833,61.666
21.31667,60.49
21.325,59.309
21.33333,58.15
21.34167,57.001
21.35,55.85
21.35833,54.731
21.36667,53.613
21.375,52.496
21.38333,51.407
21.39167,50.311
21.4,49.23
21.40833,48.166
21.41667,47.101
21.425,46.048
21.43333,44.996
21.44167,43.964
21.45,42.942
21.45833,41.918
21.46667,40.929
21.475,39.935
21.48333,38.952
21.49167,37.992
21.5,37.026
21.50833,36.091
21.51667,35.174
21.525,34.27
21.53333,33.396
21.54167,32.526
21.55,31.683
21.55833,30.867
21.56667,30.067
21.575,29.306
21.58333,28.553
21.59167,27.83
21.6,27.145
21.60833,26.473
21.61667,25.84
21.625,25.235
21.63333,24.642
21.64167,24.104
21.65,23.575
21.65833,23.085
21.66667,22.63
21.675,22.181
21.68333,21.788
21.69167,21.402
21.7,21.052
21.70833,20.731
21.71667,20.413
21.725,20.138
21.73333,19.88
21.74167,19.634
21.75,19.415
21.75833,19.192
21.76667,18.996
21.775,18.811
21.78333,18.623
21.79167,18.468
21.8,18.3
21.80833,18.153
21.81667,18.013
21.825,17.851
21.83333,17.721
21.84167,17.574
21.85,17.432
21.85833,17.29
21.86667,17.137
21.875,16.996
21.88333,16.838
21.89167,16.674
21.9,16.531
21.90833,16.357
21.91667,16.194
21.925,16.024
21.93333,15.836
21.94167,15.662
21.95,15.478
21.95833,15.299
21.96667,15.11
21.975,14.908
21.98333,14.709
21.99167,14.511
22,14.303
22.00833,14.112
22.01667,13.899
22.025,13.693
22.03333,13.479
22.04167,13.254
22.05,13.043
22.05833,12.825
22.06667,12.603
22.075,12.388
22.08333,12.156
22.09167,11.936
22.1,11.715
22.10833,11.471
22.11667,11.25
22.125,11.013
22.13333,10.772
22.14167,10.54
22.15,10.29
22.15833,10.053
22.16667,9.789
22.175,9.541
22.18333,9.297
22.19167,9.028
22.2,8.779
22.20833,8.517
22.21667,8.234
22.225,7.964
22.23333,7.662
22.24167,7.376
22.25,7.095
22.25833,6.795
22.26667,6.505
22.275,6.188
22.28333,5.881
22.29167,5.587
22.3,5.262
22.30833,4.951
22.31667,4.628
22.325,4.306
22.33333,3.992
22.34167,3.66
22.35,3.339
22.35833,3.016
22.36667,2.697
22.375,2.394
22.38333,2.082
22.39167,1.78
22.4,1.489
22.40833,1.187
22.41667,0.917
22.425,0.652
22.43333,0.389
22.44167,0.153
22.45,-0.093
22.45833,-0.297
22.46667,-0.489
22.475,-0.682
22.48333,-0.837
22.49167,-0.989
22.5,-1.124
22.50833,-1.223
22.51667,-1.329
22.525,-1.388
22.53333,-1.45
22.54167,-1.486
22.55,-1.492
22.55833,-1.497
22.56667,-1.469
22.575,-1.431
22.58333,-1.38
22.59167,-1.301
22.6,-1.222
22.60833,-1.115
22.61667,-1.005
22.625,-0.894
22.63333,-0.749
22.64167,-0.62
22.65,-0.465
22.65833,-0.309
22.66667,-0.167
22.675,-0.001
22.68333,0.165
22.69167,0.31
22.7,0.477
22.70833,0.641
22.71667,0.795
22.725,0.95
22.73333,1.086
22.74167,1.244
22.75,1.372
22.75833,1.495
22.76667,1.615
22.775,1.717
22.78333,1.845
22.79167,1.938
22.8,2.022
22.80833,2.112
22.81667,2.171
22.825,2.258
22.83333,2.31
22.84167,2.354
22.85,2.421
22.85833,2.451
22.86667,2.494
22.875,2.527
22.88333,2.535
22.89167,2.555
22.9,2.563
22.90833,2.575
22.91667,2.595
22.925,2.581
22.93333,2.58
22.94167,2.58
22.95,2.559
22.95833,2.551
22.96667,2.526
22.975,2.519
22.98333,2.5
22.99167,2.477
23,2.477
23.00833,2.449
23.01667,2.426
23.025,2.406
23.03333,2.372
23.04167,2.357
23.05,2.329
23.05833,2.304
23.06667,2.288
23.075,2.253
23.08333,2.231
23.09167,2.213
23.1,2.179
23.10833,2.162
23.11667,2.13
23.125,2.101
23.13333,2.087
23.14167,2.061
23.15,2.037
23.15833,2.014
23.16667,1.982
23.175,1.971
23.18333,1.95
23.19167,1.934
23.2,1.905
23.20833,1.878
23.21667,1.86
23.225,1.836
23.23333,1.815
23.24167,1.802
23.25,1.771
23.25833,1.774
23.26667,1.751
23.275,1.72
23.28333,1.708
23.29167,1.681
23.3,1.659
23.30833,1.649
23.31667,1.627
23.325,1.618
23.33333,1.594
23.34167,1.579
23.35,1.56
23.35833,1.529
23.36667,1.526
23.375,1.51
23.38333,1.493
23.39167,1.482
23.4,1.455
23.40833,1.446
23.41667,1.429
23.425,1.404
23.43333,1.392
23.44167,1.368
23.45,1.354
23.45833,1.36
23.46667,1.335
23.475,1.33
23.48333,1.313
23.49167,1.296
23.5,1.284
23.50833,1.266
23.51667,1.261
23.525,1.247
23.53333,1.22
23.54167,1.223
23.55,1.206
23.55833,1.193
23.56667,1.185
23.575,1.162
23.58333,1.155
23.59167,1.14
23.6,1.129
23.60833,1.126
23.61667,1.105
23.625,1.104
23.63333,1.087
23.64167,1.074
23.65,1.078
23.65833,1.057
23.66667,1.052
23.675,1.041
23.68333,1.025
23.69167,1.025
23.7,1.004
23.70833,0.996
23.71667,0.995
23.725,0.976
23.73333,0.972
23.74167,0.959
23.75,0.944
23.75833,0.945
23.76667,0.928
23.775,0.922
23.78333,0.91
23.79167,0.89
23.8,0.893
23.80833,0.876
23.81667,0.869
23.825,0.867
23.83333,0.849
23.84167,0.849
23.85,0.844
23.85833,0.823
23.86667,0.822
23.875,0.808
23.88333,0.806
23.89167,0.797
23.9,0.786
23.90833,0.788
23.91667,0.772
23.925,0.76
23.93333,0.762
23.94167,0.747
23.95,0.745
23.95833,0.741
23.96667,0.721
23.975,0.721
23.98333,0.699
23.99167,0.696
24,0.695
24.00833,0.681
24.01667,0.679
24.025,0.672
24.03333,0.669
24.04167,0.661
24.05,0.648
24.05833,0.654
24.06667,0.647
24.075,0.635
24.08333,0.629
24.09167,0.609
24.1,0.613
24.10833,0.607
24.11667,0.599
24.125,0.6
24.13333,0.585
24.14167,0.577
24.15,0.582
24.15833,0.563
24.16667,0.567
24.175,0.558
24.18333,0.552
24.19167,0.553
24.2,0.541
24.20833,0.541
24.21667,0.532
24.225,0.522
24.23333,0.524
24.24167,0.514
24.25,0.511
24.25833,0.511
24.26667,0.487
24.275,0.497
24.28333,0.492
24.29167,0.489
24.3,0.483
24.30833,0.466
24.31667,0.472
24.325,0.468
24.33333,0.464
24.34167,0.461
24.35,0.448
24.35833,0.448
24.36667,0.453
24.375,0.439
24.38333,0.44
24.39167,0.432
24.4,0.433
24.40833,0.435
24.41667,0.411
24.425,0.425
24.43333,0.414
24.44167,0.405
24.45,0.41
24.45833,0.398
24.46667,0.399
24.475,0.393
24.48333,0.382
24.49167,0.385
24.5,0.372
24.50833,0.372
24.51667,0.376
24.525,0.357
24.53333,0.366
24.54167,0.362
24.55,0.362
24.55833,0.364
24.56667,0.356
24.575,0.364
24.58333,0.354
24.59167,0.35
24.6,0.359
24.60833,0.346
24.61667,0.349
24.625,0.349
24.63333,0.331
24.64167,0.343
24.65,0.336
24.65833,0.334
24.66667,0.344
24.675,0.322
24.68333,0.332
24.69167,0.334
24.7,0.322
24.70833,0.332
24.71667,0.319
24.725,0.321
24.73333,0.325
24.74167,0.307
24.75,0.311
24.75833,0.31
24.76667,0.309
24.775,0.307
24.78333,0.298
24.79167,0.306
24.8,0.302
24.80833,0.295
24.81667,0.3
24.825,0.293
24.83333,0.297
24.84167,0.294
24.85,0.274
24.85833,0.291
24.86667,0.288
24.875,0.279
24.88333,0.291
24.89167,0.277
24.9,0.285
24.90833,0.282
24.91667,0.273
24.925,0.28
24.93333,0.278
24.94167,0.275
24.95,0.269
24.95833,0.257
24.96667,0.276
24.975,0.265
24.98333,0.26
24.99167,0.268
25,0.255
25.00833,0.257
25.01667,0.258
25.025,0.246
25.03333,0.25
25.04167,0.243
25.05,0.251
25.05833,0.25
25.06667,0.235
25.075,0.241
25.08333,0.231
25.09167,0.234
25.1,0.235
25.10833,0.221
25.11667,0.233
25.125,0.225
25.13333,0.223
25.14167,0.232
25.15,0.225
25.15833,0.227
25.16667,0.221
25.175,0.216
25.18333,0.224
25.19167,0.211
25.2,0.208
25.20833,0.214
25.21667,0.197
25.225,0.203
25.23333,0.194
25.24167,0.201
25.25,0.201
25.25833,0.193
25.26667,0.198
25.275,0.202
25.28333,0.191
25.29167,0.194
25.3,0.189
25.30833,0.188
25.31667,0.195
25.325,0.179
25.33333,0.186
25.34167,0.18
25.35,0.18
25.35833,0.186
25.36667,0.163
25.375,0.18
25.38333,0.178
25.39167,0.173
25.4,0.174
25.40833,0.167
25.41667,0.175
25.425,0.174
25.43333,0.162
25.44167,0.161
25.45,0.158
25.45833,0.154
25.46667,0.167
25.475,0.164
25.48333,0.161
25.49167,0.166
25.5,0.159
25.50833,0.161
25.51667,0.144
25.525,0.152
25.53333,0.16
25.54167,0.143
25.55,0.157
25.55833,0.149
25.56667,0.14
25.575,0.141
25.58333,0.136
25.59167,0.142
25.6,0.14
25.60833,0.131
25.61667,0.139
25.625,0.132
25.63333,0.138
25.64167,0.141
25.65,0.132
25.65833,0.138
25.66667,0.13
25.675,0.128
25.68333,0.134
25.69167,0.13
25.7,0.138
25.70833,0.135
25.71667,0.129
25.725,0.134
25.73333,0.121
25.74167,0.126
25.75,0.125
25.75833,0.116
25.76667,0.119
25.775,0.112
25.78333,0.119
25.79167,0.125
25.8,0.112
25.80833,0.125
25.81667,0.116
25.825,0.12
25.83333,0.119
25.84167,0.103
25.85,0.112
25.85833,0.115
25.86667,0.112
25.875,0.118
25.88333,0.108
25.89167,0.114
25.9,0.114
25.90833,0.096
25.91667,0.108
25.925,0.102
25.93333,0.103
25.94167,0.105
25.95,0.093
25.95833,0.098
25.96667,0.094
25.975,0.09
25.98333,0.094
25.99167,0.084
26,0.085
26.00833,0.087
26.01667,0.079
26.025,0.091
26.03333,0.093
26.04167,0.09
26.05,0.097
26.05833,0.084
26.06667,0.092
26.075,0.089
26.08333,0.086
26.09167,0.094
26.1,0.076
26.10833,0.085
26.11667,0.087
26.125,0.083
26.13333,0.095
26.14167,0.079
26.15,0.084
26.15833,0.092
26.16667,0.081
26.175,0.078
26.18333,0.074
26.19167,0.077
26.2,0.084
26.20833,0.081
26.21667,0.092
26.225,0.086
26.23333,0.073
26.24167,0.085
26.25,0.075
26.25833,0.072
26.26667,0.085
26.275,0.076
26.28333,0.079
26.29167,0.075
26.3,0.074
26.30833,0.076
26.31667,0.067
26.325,0.079
26.33333,0.078
26.34167,0.067
26.35,0.074
26.35833,0.069
26.36667,0.069
26.375,0.079
26.38333,0.067
26.39167,0.069
26.4,0.06
26.40833,0.066
26.41667,0.063
26.425,0.054
26.43333,0.065
26.44167,0.074
26.45,0.061
26.45833,0.074
26.46667,0.06
26.475,0.067
26.48333,0.07
26.49167,0.064
26.5,0.075
26.50833,0.075
26.51667,0.068
26.525,0.068
26.53333,0.059
26.54167,0.064
26.55,0.072
26.55833,0.063
26.56667,0.073
26.575,0.059
26.58333,0.056
26.59167,0.067
26.6,0.063
26.60833,0.074
26.61667,0.066
26.625,0.064
26.63333,0.066
26.64167,0.056
26.65,0.066
26.65833,0.067
26.66667,0.065
26.675,0.072
26.68333,0.057
26.69167,0.059
26.7,0.057
26.70833,0.05
26.71667,0.063
26.725,0.052
26.73333,0.056
26.74167,0.061
26.75,0.051
26.75833,0.063
26.76667,0.058
26.775,0.053
26.78333,0.058
26.79167,0.05
26.8,0.052
26.80833,0.062
26.81667,0.054
26.825,0.058
26.83333,0.048
26.84167,0.054
26.85,0.064
26.85833,0.056
26.86667,0.061
26.875,0.067
26.88333,0.056
26.89167,0.06
26.9,0.044
26.90833,0.053
26.91667,0.057
26.925,0.053
26.93333,0.063
26.94167,0.05
26.95,0.049
26.95833,0.056
26.96667,0.048
26.975,0.047
26.98333,0.045
26.99167,0.045
27,0.047
27.00833,0.034
27.01667,0.039
27.025,0.037
27.03333,0.03
27.04167,0.044
27.05,0.035
27.05833,0.034
27.06667,0.041
27.075,0.032
27.08333,0.05
27.09167,0.047
27.1,0.043
27.10833,0.044
27.11667,0.029
27.125,0.041
27.13333,0.038
27.14167,0.031
27.15,0.043
27.15833,0.031
27.16667,0.039
27.175,0.037
27.18333,0.023
27.19167,0.035
27.2,0.035
27.20833,0.033
27.21667,0.034
27.225,0.025
27.23333,0.033
27.24167,0.036
27.25,0.022
27.25833,0.029
27.26667,0.022
27.275,0.03
27.28333,0.03
27.29167,0.021
27.3,0.035
27.30833,0.023
27.31667,0.028
27.325,0.027
27.33333,0.018
27.34167,0.024
27.35,0.022
27.35833,0.017
27.36667,0.021
27.375,0.011
27.38333,0.016
27.39167,0.016
27.4,0.009
27.40833,0.017
27.41667,0.02
27.425,0.019
27.43333,0.012
27.44167,-0.001
27.45,0.011
27.45833,0.008
27.46667,0.003
27.475,0.019
27.48333,0.011
27.49167,0.014
27.5,0.012
27.50833,0.002
27.51667,0.017
27.525,0.01
27.53333,0.002
27.54167,0.008
27.55,0.001
27.55833,0.024
27.56667,0.008
27.575,0.002
27.58333,0.012
27.59167,0.011
27.6,0.015
27.60833,0.011
27.61667,0.013
27.625,0.019
27.63333,0.004
27.64167,0.006
27.65,0.011
27.65833,0.002
27.66667,0.014
27.675,0.007
27.68333,0.008
27.69167,0.003
27.7,-0.004
27.70833,0.002
27.71667,0.008
27.725,0.005
27.73333,0.01
27.74167,-0.005
27.75,0.002
27.75833,-0.001
27.76667,-0.014
27.775,-0.002
27.78333,-0.001
27.79167,0.001
27.8,0.002
27.80833,-0.014
27.81667,-0.014
27.825,-0.014
27.83333,-0.017
27.84167,-0.01
27.85,-0.021
27.85833,-0.012
27.86667,-0.002
27.875,-0.006
27.88333,0.006
27.89167,-0.002
27.9,0.002
27.90833,0.007
27.91667,-0.002
27.925,-0.002
27.93333,-0.015
27.94167,-0.015
27.95,-0.007
27.95833,-0.025
27.96667,-0.004
27.975,-0.009
27.98333,-0.015
27.99167,-0.008
28,-0.017
28.00833,-0.011
28.01667,-0.004
28.025,-0.013
28.03333,-0.002
28.04167,-0.009
28.05,-0.011
28.05833,-0.005
28.06667,-0.017
28.075,-0.006
28.08333,-0.015
28.09167,-0.02
28.1,-0.005
28.10833,-0.008
28.11667,-0.007
28.125,-0.011
28.13333,-0.022
28.14167,-0.009
28.15,-0.009
28.15833,-0.013
28.16667,-0.008
28.175,-0.013
28.18333,-0.015
28.19167,-0.018
28.2,-0.009
28.20833,0
28.21667,-0.011
28.225,-0.009
28.23333,-0.012
28.24167,-0.02
28.25,-0.012
28.25833,-0.026
28.26667,-0.017
28.275,-0.011
28.28333,-0.015
28.29167,-0.009
28.3,-0.013
28.30833,-0.009
28.31667,-0.013
28.325,-0.025
28.33333,-0.022
28.34167,-0.013
28.35,-0.023
28.35833,-0.02
28.36667,-0.017
28.375,-0.016
28.38333,-0.01
28.39167,-0.02
28.4,-0.017
28.40833,-0.014
28.41667,-0.023
28.425,-0.02
28.43333,-0.03
28.44167,-0.022
28.45,-0.025
28.45833,-0.026
28.46667,-0.014
28.475,-0.026
28.48333,-0.015
28.49167,-0.016
28.5,-0.037
28.50833,-0.022
28.51667,-0.029
28.525,-0.031
28.53333,-0.016
28.54167,-0.028
28.55,-0.021
28.55833,-0.026
28.56667,-0.032
28.575,-0.02
28.58333,-0.018
28.59167,-0.02
28.6,-0.015
28.60833,-0.031
28.61667,-0.021
28.625,-0.029
28.63333,-0.03
28.64167,-0.022
28.65,-0.033
28.65833,-0.027
28.66667,-0.028
28.675,-0.031
28.68333,-0.023
28.69167,-0.036
28.7,-0.024
28.70833,-0.021
28.71667,-0.035
28.725,-0.023
28.73333,-0.029
28.74167,-0.031
28.75,-0.031
28.75833,-0.033
28.76667,-0.032
28.775,-0.03
28.78333,-0.04
28.79167,-0.033
28.8,-0.037
28.80833,-0.032
28.81667,-0.025
28.825,-0.044
28.83333,-0.032
28.84167,-0.033
28.85,-0.032
28.85833,-0.027
28.86667,-0.034
28.875,-0.024
28.88333,-0.033
28.89167,-0.041
28.9,-0.033
28.90833,-0.04
28.91667,-0.025
28.925,-0.033
28.93333,-0.046
28.94167,-0.032
28.95,-0.03
28.95833,-0.029
28.96667,-0.033
28.975,-0.042
28.98333,-0.032
28.99167,-0.036
29,-0.036
29.00833,-0.024
29.01667,-0.032
29.025,-0.028
29.03333,-0.03
29.04167,-0.034
29.05,-0.022
29.05833,-0.032
29.06667,-0.025
29.075,-0.027
29.08333,-0.036
29.09167,-0.019
29.1,-0.025
29.10833,-0.033
29.11667,-0.031
29.125,-0.039
29.13333,-0.027
29.14167,-0.033
29.15,-0.036
29.15833,-0.033
29.16667,-0.044
29.175,-0.036
29.18333,-0.033
29.19167,-0.036
29.2,-0.027
29.20833,-0.032
29.21667,-0.03
29.225,-0.027
29.23333,-0.038
29.24167,-0.029
29.25,-0.039
29.25833,-0.045
29.26667,-0.039
29.275,-0.043
29.28333,-0.041
29.29167,-0.045
29.3,-0.04
29.30833,-0.026
29.31667,-0.036
29.325,-0.039
29.33333,-0.04
29.34167,-0.051
29.35,-0.047
29.35833,-0.046
29.36667,-0.053
29.375,-0.037
29.38333,-0.054
29.39167,-0.042
29.4,-0.045
29.40833,-0.048
29.41667,-0.041
29.425,-0.047
29.43333,-0.047
29.44167,-0.048
29.45,-0.051
29.45833,-0.048
29.46667,-0.053
29.475,-0.053
29.48333,-0.037
29.49167,-0.056
29.5,-0.057
29.50833,-0.051
29.51667,-0.053
29.525,-0.046
29.53333,-0.052
29.54167,-0.053
29.55,-0.042
29.55833,-0.055
29.56667,-0.042
29.575,-0.053
29.58333,-0.053
29.59167,-0.05
29.6,-0.061
29.60833,-0.051
29.61667,-0.045
29.625,-0.057
29.63333,-0.046
29.64167,-0.054
29.65,-0.056
29.65833,-0.055
29.66667,-0.06
29.675,-0.05
29.68333,-0.055
29.69167,-0.054
29.7,-0.05
29.70833,-0.06
29.71667,-0.049
29.725,-0.045
29.73333,-0.054
29.74167,-0.045
29.75,-0.053
29.75833,-0.054
29.76667,-0.044
29.775,-0.055
29.78333,-0.054
29.79167,-0.057
29.8,-0.051
29.80833,-0.046
29.81667,-0.059
29.825,-0.047
29.83333,-0.049
29.84167,-0.043
29.85,-0.04
29.85833,-0.056
29.86667,-0.051
29.875,-0.055
29.88333,-0.06
29.89167,-0.055
29.9,-0.059
29.90833,-0.058
29.91667,-0.057
29.925,-0.063
29.93333,-0.045
29.94167,-0.06
29.95,-0.069
29.95833,0.013
29.96667,0.003
29.975,0.015
29.98333,0.014
29.99167,0.004
30,0.014
